"","frames_relative_to_switch","sister","Position","hurp","Position_dx"
"1",-9,"trailing",1,0.0554857068868318,0
"2",-9,"trailing",2,0.0752442314476608,0.104
"3",-9,"trailing",3,0.0923003308324042,0.208
"4",-9,"trailing",4,0.104662703494404,0.312
"5",-9,"trailing",5,0.110945931422322,0.416
"6",-9,"trailing",6,0.113114984627292,0.52
"7",-9,"trailing",7,0.113910554251852,0.624
"8",-9,"trailing",8,0.114639720497476,0.728
"9",-9,"trailing",9,0.112148798226033,0.832
"10",-9,"trailing",10,0.110496436989105,0.936
"11",-9,"trailing",11,0.10810872559666,1.04
"12",-9,"trailing",12,0.104750248282193,1.144
"13",-9,"trailing",13,0.102031389411981,1.248
"14",-9,"trailing",14,0.099953211200564,1.352
"15",-9,"trailing",15,0.0969679097558482,1.456
"16",-9,"trailing",16,0.093727241378117,1.56
"17",-9,"trailing",17,0.0902373596635673,1.664
"18",-9,"trailing",18,0.08622392874586,1.768
"19",-9,"trailing",19,0.0827728851237196,1.872
"20",-9,"trailing",20,0.0800782551129121,1.976
"21",-9,"trailing",21,0.0762054378050055,2.08
"22",-9,"trailing",22,0.0729643280021625,2.184
"23",-9,"trailing",23,0.0704978205531215,2.288
"24",-9,"trailing",24,0.0660174600434293,2.392
"25",-9,"trailing",25,0.0635621007320256,2.496
"26",-9,"trailing",26,0.0605793264264077,2.6
"27",-9,"trailing",27,0.0575980515180063,2.704
"28",-9,"trailing",28,0.0549066023836724,2.808
"29",-9,"trailing",29,0.0530874999027382,2.912
"30",-9,"trailing",30,0.0503104097092584,3.016
"31",-9,"trailing",31,0.0473738264383524,3.12
"32",-9,"leading",1,0.0392667460815585,0
"33",-9,"leading",2,0.0471728061868913,0.104
"34",-9,"leading",3,0.0551412419629277,0.208
"35",-9,"leading",4,0.0625856143393296,0.312
"36",-9,"leading",5,0.0702242438431058,0.416
"37",-9,"leading",6,0.0767428970446899,0.52
"38",-9,"leading",7,0.0840515240206318,0.624
"39",-9,"leading",8,0.0905285816767383,0.728
"40",-9,"leading",9,0.095626331478937,0.832
"41",-9,"leading",10,0.0994982943977878,0.936
"42",-9,"leading",11,0.101324420664945,1.04
"43",-9,"leading",12,0.103877030333481,1.144
"44",-9,"leading",13,0.104183811853992,1.248
"45",-9,"leading",14,0.103401626592084,1.352
"46",-9,"leading",15,0.101609202220134,1.456
"47",-9,"leading",16,0.0999998094731342,1.56
"48",-9,"leading",17,0.0990270238356459,1.664
"49",-9,"leading",18,0.0959011512243292,1.768
"50",-9,"leading",19,0.0930715151643425,1.872
"51",-9,"leading",20,0.089475820336899,1.976
"52",-9,"leading",21,0.0864915251838432,2.08
"53",-9,"leading",22,0.0828394234076721,2.184
"54",-9,"leading",23,0.0791748640067882,2.288
"55",-9,"leading",24,0.0776937927018027,2.392
"56",-9,"leading",25,0.0740647464277879,2.496
"57",-9,"leading",26,0.0710321481921281,2.6
"58",-9,"leading",27,0.0676945521348068,2.704
"59",-9,"leading",28,0.0643413741525727,2.808
"60",-9,"leading",29,0.0613174708385034,2.912
"61",-9,"leading",30,0.059034833189846,3.016
"62",-9,"leading",31,0.0565394638732782,3.12
"63",-8,"trailing",1,0.0535809140952355,0
"64",-8,"trailing",2,0.0722516476380527,0.104
"65",-8,"trailing",3,0.0901655550995351,0.208
"66",-8,"trailing",4,0.10231633733989,0.312
"67",-8,"trailing",5,0.109084652009442,0.416
"68",-8,"trailing",6,0.111897413564315,0.52
"69",-8,"trailing",7,0.1128282171555,0.624
"70",-8,"trailing",8,0.113556701557636,0.728
"71",-8,"trailing",9,0.111549348332279,0.832
"72",-8,"trailing",10,0.109531942058566,0.936
"73",-8,"trailing",11,0.106923212133105,1.04
"74",-8,"trailing",12,0.104794157327261,1.144
"75",-8,"trailing",13,0.102761097584751,1.248
"76",-8,"trailing",14,0.0983124935156378,1.352
"77",-8,"trailing",15,0.0964114728302117,1.456
"78",-8,"trailing",16,0.0930039712605889,1.56
"79",-8,"trailing",17,0.0894075429947364,1.664
"80",-8,"trailing",18,0.0862007642878171,1.768
"81",-8,"trailing",19,0.0828950215607554,1.872
"82",-8,"trailing",20,0.0793411984084647,1.976
"83",-8,"trailing",21,0.0757092132248392,2.08
"84",-8,"trailing",22,0.0725488853552073,2.184
"85",-8,"trailing",23,0.0690849646294685,2.288
"86",-8,"trailing",24,0.0658019346024323,2.392
"87",-8,"trailing",25,0.0625366256494986,2.496
"88",-8,"trailing",26,0.0601533561958684,2.6
"89",-8,"trailing",27,0.057817204455791,2.704
"90",-8,"trailing",28,0.0548845483350474,2.808
"91",-8,"trailing",29,0.0522710047205002,2.912
"92",-8,"trailing",30,0.0482589499087441,3.016
"93",-8,"trailing",31,0.0464122813357714,3.12
"94",-8,"leading",1,0.037589171790177,0
"95",-8,"leading",2,0.0451398046046476,0.104
"96",-8,"leading",3,0.0519631947807627,0.208
"97",-8,"leading",4,0.0600297821993368,0.312
"98",-8,"leading",5,0.0690624745396479,0.416
"99",-8,"leading",6,0.0753920204813728,0.52
"100",-8,"leading",7,0.0826916744895184,0.624
"101",-8,"leading",8,0.0893135438067182,0.728
"102",-8,"leading",9,0.0932667760762992,0.832
"103",-8,"leading",10,0.0967113919748823,0.936
"104",-8,"leading",11,0.0995883378036767,1.04
"105",-8,"leading",12,0.101725841253021,1.144
"106",-8,"leading",13,0.103273205846671,1.248
"107",-8,"leading",14,0.102762722605833,1.352
"108",-8,"leading",15,0.102192642869474,1.456
"109",-8,"leading",16,0.100288178522915,1.56
"110",-8,"leading",17,0.0983423154303424,1.664
"111",-8,"leading",18,0.0957914168236552,1.768
"112",-8,"leading",19,0.0926433224135784,1.872
"113",-8,"leading",20,0.0890959019711194,1.976
"114",-8,"leading",21,0.0856316705286319,2.08
"115",-8,"leading",22,0.082869354141761,2.184
"116",-8,"leading",23,0.0792869688723617,2.288
"117",-8,"leading",24,0.0758416112715653,2.392
"118",-8,"leading",25,0.0728888554772739,2.496
"119",-8,"leading",26,0.0697265698731994,2.6
"120",-8,"leading",27,0.0668763186611293,2.704
"121",-8,"leading",28,0.063359444047828,2.808
"122",-8,"leading",29,0.0606499220565729,2.912
"123",-8,"leading",30,0.0585113688179756,3.016
"124",-8,"leading",31,0.0552469872045337,3.12
"125",-7,"trailing",1,0.0505850840926814,0
"126",-7,"trailing",2,0.0700669289037936,0.104
"127",-7,"trailing",3,0.0868983031540206,0.208
"128",-7,"trailing",4,0.099917619945826,0.312
"129",-7,"trailing",5,0.106888553174513,0.416
"130",-7,"trailing",6,0.109593911854149,0.52
"131",-7,"trailing",7,0.109650464220348,0.624
"132",-7,"trailing",8,0.10932875815699,0.728
"133",-7,"trailing",9,0.108260736745884,0.832
"134",-7,"trailing",10,0.107153345038439,0.936
"135",-7,"trailing",11,0.104346108053959,1.04
"136",-7,"trailing",12,0.102570160008121,1.144
"137",-7,"trailing",13,0.0999326788419464,1.248
"138",-7,"trailing",14,0.0963757450079661,1.352
"139",-7,"trailing",15,0.0944133819947309,1.456
"140",-7,"trailing",16,0.0919670046734655,1.56
"141",-7,"trailing",17,0.0881549647329041,1.664
"142",-7,"trailing",18,0.0861110913215649,1.768
"143",-7,"trailing",19,0.0831339045540156,1.872
"144",-7,"trailing",20,0.0785701662177047,1.976
"145",-7,"trailing",21,0.0748111152159147,2.08
"146",-7,"trailing",22,0.0707831106030409,2.184
"147",-7,"trailing",23,0.0668709443749556,2.288
"148",-7,"trailing",24,0.063961099216728,2.392
"149",-7,"trailing",25,0.0605631590557843,2.496
"150",-7,"trailing",26,0.0581388407764235,2.6
"151",-7,"trailing",27,0.0558291098495414,2.704
"152",-7,"trailing",28,0.0516979494730914,2.808
"153",-7,"trailing",29,0.048994615952009,2.912
"154",-7,"trailing",30,0.0456878074888625,3.016
"155",-7,"trailing",31,0.0434900122203058,3.12
"156",-7,"leading",1,0.0334946268903202,0
"157",-7,"leading",2,0.0404893163220259,0.104
"158",-7,"leading",3,0.0460132789312839,0.208
"159",-7,"leading",4,0.0535805124351255,0.312
"160",-7,"leading",5,0.0618807037058355,0.416
"161",-7,"leading",6,0.0701085011047694,0.52
"162",-7,"leading",7,0.0763171214848842,0.624
"163",-7,"leading",8,0.0833988067585945,0.728
"164",-7,"leading",9,0.0881956285784643,0.832
"165",-7,"leading",10,0.0920687601810029,0.936
"166",-7,"leading",11,0.0958530202891575,1.04
"167",-7,"leading",12,0.0983504160957375,1.144
"168",-7,"leading",13,0.0996051012071152,1.248
"169",-7,"leading",14,0.0999780886498242,1.352
"170",-7,"leading",15,0.0990039789454171,1.456
"171",-7,"leading",16,0.0969017965965431,1.56
"172",-7,"leading",17,0.0942536432178762,1.664
"173",-7,"leading",18,0.0918674103621046,1.768
"174",-7,"leading",19,0.0900010656048753,1.872
"175",-7,"leading",20,0.0875309169846696,1.976
"176",-7,"leading",21,0.0835554414238582,2.08
"177",-7,"leading",22,0.0805391946682376,2.184
"178",-7,"leading",23,0.0775038546472811,2.288
"179",-7,"leading",24,0.073391757652709,2.392
"180",-7,"leading",25,0.0704491989415773,2.496
"181",-7,"leading",26,0.0660526107362052,2.6
"182",-7,"leading",27,0.062736055232505,2.704
"183",-7,"leading",28,0.0598245746057643,2.808
"184",-7,"leading",29,0.0566260883870825,2.912
"185",-7,"leading",30,0.0544031116772721,3.016
"186",-7,"leading",31,0.0524824769547026,3.12
"187",-6,"trailing",1,0.0511807583378948,0
"188",-6,"trailing",2,0.0729691671726076,0.104
"189",-6,"trailing",3,0.0899342535549088,0.208
"190",-6,"trailing",4,0.100909153368147,0.312
"191",-6,"trailing",5,0.10760006106619,0.416
"192",-6,"trailing",6,0.109906091681193,0.52
"193",-6,"trailing",7,0.110408887912497,0.624
"194",-6,"trailing",8,0.109635512590877,0.728
"195",-6,"trailing",9,0.108624416784072,0.832
"196",-6,"trailing",10,0.106334483629866,0.936
"197",-6,"trailing",11,0.104440763897448,1.04
"198",-6,"trailing",12,0.101239695609889,1.144
"199",-6,"trailing",13,0.0973129593819111,1.248
"200",-6,"trailing",14,0.0950889388837426,1.352
"201",-6,"trailing",15,0.0919251805245442,1.456
"202",-6,"trailing",16,0.0901921829543628,1.56
"203",-6,"trailing",17,0.0861249280770391,1.664
"204",-6,"trailing",18,0.0831828809276314,1.768
"205",-6,"trailing",19,0.079309014905339,1.872
"206",-6,"trailing",20,0.0747251238664315,1.976
"207",-6,"trailing",21,0.0703030955916144,2.08
"208",-6,"trailing",22,0.0658516366564748,2.184
"209",-6,"trailing",23,0.0626041769824664,2.288
"210",-6,"trailing",24,0.060190291992523,2.392
"211",-6,"trailing",25,0.0568751728908689,2.496
"212",-6,"trailing",26,0.0534697679577685,2.6
"213",-6,"trailing",27,0.0505240232767054,2.704
"214",-6,"trailing",28,0.0481575633349197,2.808
"215",-6,"trailing",29,0.0450990298097629,2.912
"216",-6,"trailing",30,0.0422455901929312,3.016
"217",-6,"trailing",31,0.0400232163499533,3.12
"218",-6,"leading",1,0.0296380960484057,0
"219",-6,"leading",2,0.0376724630952626,0.104
"220",-6,"leading",3,0.0440413520193126,0.208
"221",-6,"leading",4,0.0506496461973978,0.312
"222",-6,"leading",5,0.0581416352644301,0.416
"223",-6,"leading",6,0.0654115946045293,0.52
"224",-6,"leading",7,0.0713962873899517,0.624
"225",-6,"leading",8,0.0773878800286196,0.728
"226",-6,"leading",9,0.0828706556956081,0.832
"227",-6,"leading",10,0.0873507379848367,0.936
"228",-6,"leading",11,0.0907480306469255,1.04
"229",-6,"leading",12,0.0924914981900148,1.144
"230",-6,"leading",13,0.095401531837516,1.248
"231",-6,"leading",14,0.0966904714565588,1.352
"232",-6,"leading",15,0.0968864657367813,1.456
"233",-6,"leading",16,0.0966002325824064,1.56
"234",-6,"leading",17,0.0941787741889046,1.664
"235",-6,"leading",18,0.0922258022483493,1.768
"236",-6,"leading",19,0.0887061381690938,1.872
"237",-6,"leading",20,0.0854116127448638,1.976
"238",-6,"leading",21,0.0817980752204207,2.08
"239",-6,"leading",22,0.0780895914674376,2.184
"240",-6,"leading",23,0.0749680550783439,2.288
"241",-6,"leading",24,0.0720268539206936,2.392
"242",-6,"leading",25,0.0688542218050732,2.496
"243",-6,"leading",26,0.0646603448505912,2.6
"244",-6,"leading",27,0.0611383702801417,2.704
"245",-6,"leading",28,0.0593194853801015,2.808
"246",-6,"leading",29,0.0556872619244059,2.912
"247",-6,"leading",30,0.0529196049631968,3.016
"248",-6,"leading",31,0.0519843414690385,3.12
"249",-5,"trailing",1,0.0509347368737434,0
"250",-5,"trailing",2,0.0727018977015596,0.104
"251",-5,"trailing",3,0.0906348164722135,0.208
"252",-5,"trailing",4,0.102587214265744,0.312
"253",-5,"trailing",5,0.107981025158665,0.416
"254",-5,"trailing",6,0.110149849768586,0.52
"255",-5,"trailing",7,0.110513922597247,0.624
"256",-5,"trailing",8,0.109210637673656,0.728
"257",-5,"trailing",9,0.107583488206076,0.832
"258",-5,"trailing",10,0.104642737822915,0.936
"259",-5,"trailing",11,0.102030090139132,1.04
"260",-5,"trailing",12,0.0996113442884394,1.144
"261",-5,"trailing",13,0.0949378948343751,1.248
"262",-5,"trailing",14,0.0927487522883432,1.352
"263",-5,"trailing",15,0.090028836676852,1.456
"264",-5,"trailing",16,0.0866810131208978,1.56
"265",-5,"trailing",17,0.081823651344142,1.664
"266",-5,"trailing",18,0.0793241781340884,1.768
"267",-5,"trailing",19,0.0749900732542113,1.872
"268",-5,"trailing",20,0.0708720565832465,1.976
"269",-5,"trailing",21,0.0660289408315144,2.08
"270",-5,"trailing",22,0.0614223585768506,2.184
"271",-5,"trailing",23,0.0594343441352045,2.288
"272",-5,"trailing",24,0.0563139217146042,2.392
"273",-5,"trailing",25,0.0530312453753607,2.496
"274",-5,"trailing",26,0.050358543313658,2.6
"275",-5,"trailing",27,0.0471598842239313,2.704
"276",-5,"trailing",28,0.0441612900458001,2.808
"277",-5,"trailing",29,0.0412597467865664,2.912
"278",-5,"trailing",30,0.0387529176997966,3.016
"279",-5,"trailing",31,0.0359233484062754,3.12
"280",-5,"leading",1,0.0270714180270896,0
"281",-5,"leading",2,0.0335679073727029,0.104
"282",-5,"leading",3,0.039464493390884,0.208
"283",-5,"leading",4,0.0460921368380324,0.312
"284",-5,"leading",5,0.0528457948689113,0.416
"285",-5,"leading",6,0.0594517713843851,0.52
"286",-5,"leading",7,0.0661067601684099,0.624
"287",-5,"leading",8,0.0720574190603075,0.728
"288",-5,"leading",9,0.0767627928851685,0.832
"289",-5,"leading",10,0.081868958296272,0.936
"290",-5,"leading",11,0.0842451816717256,1.04
"291",-5,"leading",12,0.0869223829292759,1.144
"292",-5,"leading",13,0.0890615899773246,1.248
"293",-5,"leading",14,0.0899753031879481,1.352
"294",-5,"leading",15,0.0906360192216742,1.456
"295",-5,"leading",16,0.0910068768602385,1.56
"296",-5,"leading",17,0.0890743030958687,1.664
"297",-5,"leading",18,0.0869124065428246,1.768
"298",-5,"leading",19,0.0837106628159672,1.872
"299",-5,"leading",20,0.0817434865726148,1.976
"300",-5,"leading",21,0.0783680670902117,2.08
"301",-5,"leading",22,0.0748483117509875,2.184
"302",-5,"leading",23,0.0714761520837522,2.288
"303",-5,"leading",24,0.0683299835230808,2.392
"304",-5,"leading",25,0.065656929131141,2.496
"305",-5,"leading",26,0.0603223303775538,2.6
"306",-5,"leading",27,0.0576280233621677,2.704
"307",-5,"leading",28,0.0539100690516892,2.808
"308",-5,"leading",29,0.0517244507452541,2.912
"309",-5,"leading",30,0.0487094144950225,3.016
"310",-5,"leading",31,0.0465743843101988,3.12
"311",-4,"trailing",1,0.0547292566360859,0
"312",-4,"trailing",2,0.0792726462046486,0.104
"313",-4,"trailing",3,0.0977943071433516,0.208
"314",-4,"trailing",4,0.109618672315233,0.312
"315",-4,"trailing",5,0.114494823759634,0.416
"316",-4,"trailing",6,0.11588384166303,0.52
"317",-4,"trailing",7,0.115971685084546,0.624
"318",-4,"trailing",8,0.114106398535979,0.728
"319",-4,"trailing",9,0.11162598733259,0.832
"320",-4,"trailing",10,0.108562170477132,0.936
"321",-4,"trailing",11,0.104278291672987,1.04
"322",-4,"trailing",12,0.100006133276266,1.144
"323",-4,"trailing",13,0.0964857063851154,1.248
"324",-4,"trailing",14,0.0943440122001028,1.352
"325",-4,"trailing",15,0.0909586066126272,1.456
"326",-4,"trailing",16,0.0873103093189792,1.56
"327",-4,"trailing",17,0.0832618413560071,1.664
"328",-4,"trailing",18,0.0798155420249383,1.768
"329",-4,"trailing",19,0.0755161499726446,1.872
"330",-4,"trailing",20,0.0716876201151284,1.976
"331",-4,"trailing",21,0.0677061393089693,2.08
"332",-4,"trailing",22,0.0631060077057732,2.184
"333",-4,"trailing",23,0.0597862240172443,2.288
"334",-4,"trailing",24,0.0567390424011163,2.392
"335",-4,"trailing",25,0.0534681345472657,2.496
"336",-4,"trailing",26,0.049830950094546,2.6
"337",-4,"trailing",27,0.0461985751111434,2.704
"338",-4,"trailing",28,0.042997295091354,2.808
"339",-4,"trailing",29,0.0396856117482633,2.912
"340",-4,"trailing",30,0.0367591534280365,3.016
"341",-4,"trailing",31,0.0338341083613567,3.12
"342",-4,"leading",1,0.0273371266548868,0
"343",-4,"leading",2,0.0333283123026605,0.104
"344",-4,"leading",3,0.0395922157946579,0.208
"345",-4,"leading",4,0.0464217226587859,0.312
"346",-4,"leading",5,0.0534790992265038,0.416
"347",-4,"leading",6,0.0596174931762171,0.52
"348",-4,"leading",7,0.0650564282816585,0.624
"349",-4,"leading",8,0.0711783030089066,0.728
"350",-4,"leading",9,0.0759815741358104,0.832
"351",-4,"leading",10,0.0803299360602321,0.936
"352",-4,"leading",11,0.0824307374981872,1.04
"353",-4,"leading",12,0.0838420749107169,1.144
"354",-4,"leading",13,0.0868171701650461,1.248
"355",-4,"leading",14,0.0880640992907977,1.352
"356",-4,"leading",15,0.0889842806751463,1.456
"357",-4,"leading",16,0.0891054271812366,1.56
"358",-4,"leading",17,0.0877379240386412,1.664
"359",-4,"leading",18,0.0863263525153072,1.768
"360",-4,"leading",19,0.0840798499851835,1.872
"361",-4,"leading",20,0.0823930400516924,1.976
"362",-4,"leading",21,0.0804953248025665,2.08
"363",-4,"leading",22,0.076959531800783,2.184
"364",-4,"leading",23,0.0737493014970981,2.288
"365",-4,"leading",24,0.0716664500347894,2.392
"366",-4,"leading",25,0.0678837912207282,2.496
"367",-4,"leading",26,0.0634798343555374,2.6
"368",-4,"leading",27,0.0606119563148629,2.704
"369",-4,"leading",28,0.0575323258129533,2.808
"370",-4,"leading",29,0.0541724670773094,2.912
"371",-4,"leading",30,0.0506952746972455,3.016
"372",-4,"leading",31,0.0463592705221532,3.12
"373",-3,"trailing",1,0.0583738763141844,0
"374",-3,"trailing",2,0.0848958427434299,0.104
"375",-3,"trailing",3,0.105308160646398,0.208
"376",-3,"trailing",4,0.11897753506948,0.312
"377",-3,"trailing",5,0.122942512371512,0.416
"378",-3,"trailing",6,0.122567829291973,0.52
"379",-3,"trailing",7,0.120329530189421,0.624
"380",-3,"trailing",8,0.116861526303031,0.728
"381",-3,"trailing",9,0.112398904841071,0.832
"382",-3,"trailing",10,0.109297534608922,0.936
"383",-3,"trailing",11,0.104028117354588,1.04
"384",-3,"trailing",12,0.100536352682867,1.144
"385",-3,"trailing",13,0.0960149978827741,1.248
"386",-3,"trailing",14,0.0922155784420938,1.352
"387",-3,"trailing",15,0.0886984117519508,1.456
"388",-3,"trailing",16,0.0857965418764894,1.56
"389",-3,"trailing",17,0.0806674115460821,1.664
"390",-3,"trailing",18,0.0767921976171025,1.768
"391",-3,"trailing",19,0.0731023693860847,1.872
"392",-3,"trailing",20,0.0685958924828138,1.976
"393",-3,"trailing",21,0.0648925898980199,2.08
"394",-3,"trailing",22,0.0617715946378473,2.184
"395",-3,"trailing",23,0.0575612515673307,2.288
"396",-3,"trailing",24,0.0542445724581413,2.392
"397",-3,"trailing",25,0.0507486037961663,2.496
"398",-3,"trailing",26,0.0479010009273226,2.6
"399",-3,"trailing",27,0.0443279490081654,2.704
"400",-3,"trailing",28,0.0411432761315091,2.808
"401",-3,"trailing",29,0.0385293756029974,2.912
"402",-3,"trailing",30,0.0357183393510419,3.016
"403",-3,"trailing",31,0.0331244198299156,3.12
"404",-3,"leading",1,0.0291228512188002,0
"405",-3,"leading",2,0.0353143374233624,0.104
"406",-3,"leading",3,0.0410559095491017,0.208
"407",-3,"leading",4,0.0469882557632424,0.312
"408",-3,"leading",5,0.0535217624452265,0.416
"409",-3,"leading",6,0.0585218107206252,0.52
"410",-3,"leading",7,0.063782906003879,0.624
"411",-3,"leading",8,0.0691399863864887,0.728
"412",-3,"leading",9,0.074784497060652,0.832
"413",-3,"leading",10,0.0778902177943069,0.936
"414",-3,"leading",11,0.0804012284651909,1.04
"415",-3,"leading",12,0.0837095038710456,1.144
"416",-3,"leading",13,0.0855261745302613,1.248
"417",-3,"leading",14,0.0860805133083479,1.352
"418",-3,"leading",15,0.0875518527159873,1.456
"419",-3,"leading",16,0.0870754575531933,1.56
"420",-3,"leading",17,0.0866324983058614,1.664
"421",-3,"leading",18,0.0856265488185834,1.768
"422",-3,"leading",19,0.0837582827554294,1.872
"423",-3,"leading",20,0.0827958570034647,1.976
"424",-3,"leading",21,0.0809327111208374,2.08
"425",-3,"leading",22,0.0791635773738895,2.184
"426",-3,"leading",23,0.0764189019001137,2.288
"427",-3,"leading",24,0.0744071609316226,2.392
"428",-3,"leading",25,0.0712459752671423,2.496
"429",-3,"leading",26,0.0672215638715416,2.6
"430",-3,"leading",27,0.063875155729304,2.704
"431",-3,"leading",28,0.0607042112639493,2.808
"432",-3,"leading",29,0.0569568588226267,2.912
"433",-3,"leading",30,0.0529848648005682,3.016
"434",-3,"leading",31,0.0496332252241822,3.12
"435",-2,"trailing",1,0.0561051414113509,0
"436",-2,"trailing",2,0.0817678705625917,0.104
"437",-2,"trailing",3,0.103018521239774,0.208
"438",-2,"trailing",4,0.115875900867206,0.312
"439",-2,"trailing",5,0.120293084633518,0.416
"440",-2,"trailing",6,0.119594093402299,0.52
"441",-2,"trailing",7,0.11767274513547,0.624
"442",-2,"trailing",8,0.114922332717437,0.728
"443",-2,"trailing",9,0.109449707813085,0.832
"444",-2,"trailing",10,0.105179679450975,0.936
"445",-2,"trailing",11,0.100829559373751,1.04
"446",-2,"trailing",12,0.0969914425240573,1.144
"447",-2,"trailing",13,0.0932226015327991,1.248
"448",-2,"trailing",14,0.0887162281493472,1.352
"449",-2,"trailing",15,0.0846892808387226,1.456
"450",-2,"trailing",16,0.0802981302525684,1.56
"451",-2,"trailing",17,0.0756170638744379,1.664
"452",-2,"trailing",18,0.071662262447206,1.768
"453",-2,"trailing",19,0.0678473411873157,1.872
"454",-2,"trailing",20,0.0641345794079134,1.976
"455",-2,"trailing",21,0.0601742798548267,2.08
"456",-2,"trailing",22,0.0562276889379242,2.184
"457",-2,"trailing",23,0.0533533750111844,2.288
"458",-2,"trailing",24,0.0497101234986787,2.392
"459",-2,"trailing",25,0.0457816644142028,2.496
"460",-2,"trailing",26,0.0425904644244283,2.6
"461",-2,"trailing",27,0.0390756986117534,2.704
"462",-2,"trailing",28,0.0364083638002902,2.808
"463",-2,"trailing",29,0.0343209785065338,2.912
"464",-2,"trailing",30,0.0314817489302666,3.016
"465",-2,"trailing",31,0.0285096730567285,3.12
"466",-2,"leading",1,0.0276702326568898,0
"467",-2,"leading",2,0.0354293692297421,0.104
"468",-2,"leading",3,0.0406913189864313,0.208
"469",-2,"leading",4,0.0473446126614694,0.312
"470",-2,"leading",5,0.0538392029192167,0.416
"471",-2,"leading",6,0.0588353679096133,0.52
"472",-2,"leading",7,0.0644333831592949,0.624
"473",-2,"leading",8,0.070112296660971,0.728
"474",-2,"leading",9,0.0751570238625462,0.832
"475",-2,"leading",10,0.0783467980215018,0.936
"476",-2,"leading",11,0.0805705026668727,1.04
"477",-2,"leading",12,0.0838588736103496,1.144
"478",-2,"leading",13,0.0851131201459992,1.248
"479",-2,"leading",14,0.0848263865970379,1.352
"480",-2,"leading",15,0.0842835075957892,1.456
"481",-2,"leading",16,0.0837591734103349,1.56
"482",-2,"leading",17,0.084170421782242,1.664
"483",-2,"leading",18,0.0840041136061857,1.768
"484",-2,"leading",19,0.0820954357209634,1.872
"485",-2,"leading",20,0.0800359709208592,1.976
"486",-2,"leading",21,0.0775144585581821,2.08
"487",-2,"leading",22,0.0745451800416256,2.184
"488",-2,"leading",23,0.0718295814131817,2.288
"489",-2,"leading",24,0.0701870706826261,2.392
"490",-2,"leading",25,0.0677872499810696,2.496
"491",-2,"leading",26,0.0645948947016881,2.6
"492",-2,"leading",27,0.0601295495419419,2.704
"493",-2,"leading",28,0.0570696435384806,2.808
"494",-2,"leading",29,0.0543871419848184,2.912
"495",-2,"leading",30,0.0512220872950639,3.016
"496",-2,"leading",31,0.0483225770212088,3.12
"497",-1,"trailing",1,0.0510205593375649,0
"498",-1,"trailing",2,0.0748723412284997,0.104
"499",-1,"trailing",3,0.0949039303360334,0.208
"500",-1,"trailing",4,0.109439664278854,0.312
"501",-1,"trailing",5,0.116237369372922,0.416
"502",-1,"trailing",6,0.11669629323063,0.52
"503",-1,"trailing",7,0.114722671241773,0.624
"504",-1,"trailing",8,0.112455896560974,0.728
"505",-1,"trailing",9,0.106554866691593,0.832
"506",-1,"trailing",10,0.10283323849121,0.936
"507",-1,"trailing",11,0.0978573695593324,1.04
"508",-1,"trailing",12,0.0939666567830702,1.144
"509",-1,"trailing",13,0.0903229023392725,1.248
"510",-1,"trailing",14,0.0854031947932724,1.352
"511",-1,"trailing",15,0.0804916635648181,1.456
"512",-1,"trailing",16,0.0769816237703526,1.56
"513",-1,"trailing",17,0.0731275438409809,1.664
"514",-1,"trailing",18,0.0694270281370714,1.768
"515",-1,"trailing",19,0.0660245109375057,1.872
"516",-1,"trailing",20,0.0626388279380005,1.976
"517",-1,"trailing",21,0.0584413369946796,2.08
"518",-1,"trailing",22,0.0546070062322312,2.184
"519",-1,"trailing",23,0.0514658973699738,2.288
"520",-1,"trailing",24,0.0475877128165533,2.392
"521",-1,"trailing",25,0.0438890052700083,2.496
"522",-1,"trailing",26,0.0403128802988334,2.6
"523",-1,"trailing",27,0.0376706549548611,2.704
"524",-1,"trailing",28,0.0353348893046476,2.808
"525",-1,"trailing",29,0.0331825288570028,2.912
"526",-1,"trailing",30,0.0298286394823094,3.016
"527",-1,"trailing",31,0.0275224316849917,3.12
"528",-1,"leading",1,0.0271718135894422,0
"529",-1,"leading",2,0.0339652450379785,0.104
"530",-1,"leading",3,0.0399816266273906,0.208
"531",-1,"leading",4,0.0454982556006313,0.312
"532",-1,"leading",5,0.0524431503923638,0.416
"533",-1,"leading",6,0.0575642036503092,0.52
"534",-1,"leading",7,0.0631151395515939,0.624
"535",-1,"leading",8,0.0682182462098064,0.728
"536",-1,"leading",9,0.0721838109868748,0.832
"537",-1,"leading",10,0.0745997904434413,0.936
"538",-1,"leading",11,0.0776104262447411,1.04
"539",-1,"leading",12,0.0804527102861826,1.144
"540",-1,"leading",13,0.0823731367037294,1.248
"541",-1,"leading",14,0.0832259382289487,1.352
"542",-1,"leading",15,0.0821988146410166,1.456
"543",-1,"leading",16,0.0818013853592665,1.56
"544",-1,"leading",17,0.0821206224369131,1.664
"545",-1,"leading",18,0.0815753422722651,1.768
"546",-1,"leading",19,0.0806035610859231,1.872
"547",-1,"leading",20,0.0781397666685499,1.976
"548",-1,"leading",21,0.0758191941699845,2.08
"549",-1,"leading",22,0.0732404462521668,2.184
"550",-1,"leading",23,0.0708708771464839,2.288
"551",-1,"leading",24,0.0684730137050693,2.392
"552",-1,"leading",25,0.066610575128953,2.496
"553",-1,"leading",26,0.0641764116800452,2.6
"554",-1,"leading",27,0.0602592946291794,2.704
"555",-1,"leading",28,0.0566858009879962,2.808
"556",-1,"leading",29,0.0542204708652167,2.912
"557",-1,"leading",30,0.0525756810870892,3.016
"558",-1,"leading",31,0.0492525764905528,3.12
"559",0,"trailing",1,0.0428618541363265,0
"560",0,"trailing",2,0.0511235074771643,0.104
"561",0,"trailing",3,0.0649380066900707,0.208
"562",0,"trailing",4,0.0792685751253146,0.312
"563",0,"trailing",5,0.0905973866642426,0.416
"564",0,"trailing",6,0.0997582868365948,0.52
"565",0,"trailing",7,0.105168719269629,0.624
"566",0,"trailing",8,0.107878220475986,0.728
"567",0,"trailing",9,0.107905391261567,0.832
"568",0,"trailing",10,0.105583698007214,0.936
"569",0,"trailing",11,0.101678822619432,1.04
"570",0,"trailing",12,0.0984368304130773,1.144
"571",0,"trailing",13,0.0956203866674819,1.248
"572",0,"trailing",14,0.0931609924169658,1.352
"573",0,"trailing",15,0.0885811566736511,1.456
"574",0,"trailing",16,0.0840452778359689,1.56
"575",0,"trailing",17,0.0799394192472937,1.664
"576",0,"trailing",18,0.0769759360390395,1.768
"577",0,"trailing",19,0.0736077152302763,1.872
"578",0,"trailing",20,0.0699946427226866,1.976
"579",0,"trailing",21,0.066336018711194,2.08
"580",0,"trailing",22,0.0607988236296873,2.184
"581",0,"trailing",23,0.0592196037792128,2.288
"582",0,"trailing",24,0.0559261950830344,2.392
"583",0,"trailing",25,0.0509561340718584,2.496
"584",0,"trailing",26,0.0481458256495235,2.6
"585",0,"trailing",27,0.0441448451838193,2.704
"586",0,"trailing",28,0.0407053099197308,2.808
"587",0,"trailing",29,0.0381060101430628,2.912
"588",0,"trailing",30,0.0355490497244384,3.016
"589",0,"trailing",31,0.0328803910393928,3.12
"590",0,"leading",1,0.0350878385284902,0
"591",0,"leading",2,0.0408530711612557,0.104
"592",0,"leading",3,0.047473678450904,0.208
"593",0,"leading",4,0.0550467300647802,0.312
"594",0,"leading",5,0.0628524667788817,0.416
"595",0,"leading",6,0.0692536707619896,0.52
"596",0,"leading",7,0.0740508549342907,0.624
"597",0,"leading",8,0.0797761593635194,0.728
"598",0,"leading",9,0.082948489722029,0.832
"599",0,"leading",10,0.0873682189537416,0.936
"600",0,"leading",11,0.0888444271217804,1.04
"601",0,"leading",12,0.0901034684114671,1.144
"602",0,"leading",13,0.0893100211896713,1.248
"603",0,"leading",14,0.0897947202900283,1.352
"604",0,"leading",15,0.0885586245165335,1.456
"605",0,"leading",16,0.0878120077498817,1.56
"606",0,"leading",17,0.0856883965675481,1.664
"607",0,"leading",18,0.0845973272470417,1.768
"608",0,"leading",19,0.0826967283063177,1.872
"609",0,"leading",20,0.0794152264634849,1.976
"610",0,"leading",21,0.0772345375763695,2.08
"611",0,"leading",22,0.0755767873647399,2.184
"612",0,"leading",23,0.07305009424966,2.288
"613",0,"leading",24,0.0702401662136925,2.392
"614",0,"leading",25,0.0676868829167989,2.496
"615",0,"leading",26,0.0644669177343827,2.6
"616",0,"leading",27,0.0621777189057704,2.704
"617",0,"leading",28,0.0588425546539909,2.808
"618",0,"leading",29,0.0555210778737818,2.912
"619",0,"leading",30,0.0523103004179181,3.016
"620",0,"leading",31,0.0504254228935115,3.12
"621",1,"trailing",1,0.0397137957594643,0
"622",1,"trailing",2,0.0464926733156752,0.104
"623",1,"trailing",3,0.0570132629317617,0.208
"624",1,"trailing",4,0.0698752951364447,0.312
"625",1,"trailing",5,0.0833673395207283,0.416
"626",1,"trailing",6,0.0949303046537509,0.52
"627",1,"trailing",7,0.103662815938353,0.624
"628",1,"trailing",8,0.109742035571083,0.728
"629",1,"trailing",9,0.111432117558756,0.832
"630",1,"trailing",10,0.110383879338811,0.936
"631",1,"trailing",11,0.108087697469733,1.04
"632",1,"trailing",12,0.103660757241728,1.144
"633",1,"trailing",13,0.10046525421303,1.248
"634",1,"trailing",14,0.0969507344594367,1.352
"635",1,"trailing",15,0.0927541819423976,1.456
"636",1,"trailing",16,0.0884848042241563,1.56
"637",1,"trailing",17,0.083859006778272,1.664
"638",1,"trailing",18,0.0796697079326297,1.768
"639",1,"trailing",19,0.0751917529786311,1.872
"640",1,"trailing",20,0.0716573823028147,1.976
"641",1,"trailing",21,0.0679521792476546,2.08
"642",1,"trailing",22,0.0632469316935343,2.184
"643",1,"trailing",23,0.0605508466804198,2.288
"644",1,"trailing",24,0.0572124752960561,2.392
"645",1,"trailing",25,0.0532363034450469,2.496
"646",1,"trailing",26,0.0502715180619426,2.6
"647",1,"trailing",27,0.046548856094568,2.704
"648",1,"trailing",28,0.0437070963394203,2.808
"649",1,"trailing",29,0.041177328929398,2.912
"650",1,"trailing",30,0.0382405772849049,3.016
"651",1,"trailing",31,0.0362462070679065,3.12
"652",1,"leading",1,0.0359440046214796,0
"653",1,"leading",2,0.043688622177342,0.104
"654",1,"leading",3,0.0515955887054942,0.208
"655",1,"leading",4,0.0602508113808115,0.312
"656",1,"leading",5,0.0673078122653901,0.416
"657",1,"leading",6,0.074079722736668,0.52
"658",1,"leading",7,0.0793710428557463,0.624
"659",1,"leading",8,0.0845309238432601,0.728
"660",1,"leading",9,0.0884086779318711,0.832
"661",1,"leading",10,0.091386668820335,0.936
"662",1,"leading",11,0.0929928845956799,1.04
"663",1,"leading",12,0.0941958877561225,1.144
"664",1,"leading",13,0.0935483841702666,1.248
"665",1,"leading",14,0.0932065366715003,1.352
"666",1,"leading",15,0.0920472648766875,1.456
"667",1,"leading",16,0.0911786630087252,1.56
"668",1,"leading",17,0.088615853760909,1.664
"669",1,"leading",18,0.0875188551319988,1.768
"670",1,"leading",19,0.085409195052077,1.872
"671",1,"leading",20,0.0832062853593226,1.976
"672",1,"leading",21,0.080181487039116,2.08
"673",1,"leading",22,0.0779862681958272,2.184
"674",1,"leading",23,0.0754335012525524,2.288
"675",1,"leading",24,0.0728529792195768,2.392
"676",1,"leading",25,0.0700658967154161,2.496
"677",1,"leading",26,0.0672263729924539,2.6
"678",1,"leading",27,0.0635523686492983,2.704
"679",1,"leading",28,0.0600051227540222,2.808
"680",1,"leading",29,0.058405916138413,2.912
"681",1,"leading",30,0.0537856754158772,3.016
"682",1,"leading",31,0.0519075648031994,3.12
"683",2,"trailing",1,0.0374251675913609,0
"684",2,"trailing",2,0.0433081037799142,0.104
"685",2,"trailing",3,0.0516716767311501,0.208
"686",2,"trailing",4,0.0607172570596912,0.312
"687",2,"trailing",5,0.0709392873278753,0.416
"688",2,"trailing",6,0.0822971430682342,0.52
"689",2,"trailing",7,0.0917909160814108,0.624
"690",2,"trailing",8,0.101473602481511,0.728
"691",2,"trailing",9,0.107408883949642,0.832
"692",2,"trailing",10,0.111232217281266,0.936
"693",2,"trailing",11,0.111070497281162,1.04
"694",2,"trailing",12,0.108281864781886,1.144
"695",2,"trailing",13,0.106116016019433,1.248
"696",2,"trailing",14,0.102812765265729,1.352
"697",2,"trailing",15,0.0982725905219213,1.456
"698",2,"trailing",16,0.0936608003395312,1.56
"699",2,"trailing",17,0.0893144096324552,1.664
"700",2,"trailing",18,0.0856298816922057,1.768
"701",2,"trailing",19,0.0816871883185686,1.872
"702",2,"trailing",20,0.0781024956875323,1.976
"703",2,"trailing",21,0.074829802774792,2.08
"704",2,"trailing",22,0.070629018515408,2.184
"705",2,"trailing",23,0.067333643500057,2.288
"706",2,"trailing",24,0.0636513534862807,2.392
"707",2,"trailing",25,0.059203629092223,2.496
"708",2,"trailing",26,0.0559081655609972,2.6
"709",2,"trailing",27,0.0515318998527162,2.704
"710",2,"trailing",28,0.0480108621211027,2.808
"711",2,"trailing",29,0.0449779435790788,2.912
"712",2,"trailing",30,0.0418986628496683,3.016
"713",2,"trailing",31,0.0401563115637352,3.12
"714",2,"leading",1,0.0401442899847873,0
"715",2,"leading",2,0.0510671213323977,0.104
"716",2,"leading",3,0.0605533641635288,0.208
"717",2,"leading",4,0.0702024384515096,0.312
"718",2,"leading",5,0.0786716384979468,0.416
"719",2,"leading",6,0.0850230810145764,0.52
"720",2,"leading",7,0.0902914503461647,0.624
"721",2,"leading",8,0.0935329538626622,0.728
"722",2,"leading",9,0.0948813611265058,0.832
"723",2,"leading",10,0.0972526057638001,0.936
"724",2,"leading",11,0.0969885887760979,1.04
"725",2,"leading",12,0.0981148235272622,1.144
"726",2,"leading",13,0.0980785042135073,1.248
"727",2,"leading",14,0.0951866121326715,1.352
"728",2,"leading",15,0.0935263008909789,1.456
"729",2,"leading",16,0.0919847681043299,1.56
"730",2,"leading",17,0.0898041091822645,1.664
"731",2,"leading",18,0.0875082477823531,1.768
"732",2,"leading",19,0.0844254494238685,1.872
"733",2,"leading",20,0.0832149169553548,1.976
"734",2,"leading",21,0.0805773025516924,2.08
"735",2,"leading",22,0.0777908206060199,2.184
"736",2,"leading",23,0.0745145496257005,2.288
"737",2,"leading",24,0.0722754011131365,2.392
"738",2,"leading",25,0.069207825438316,2.496
"739",2,"leading",26,0.0669983338425674,2.6
"740",2,"leading",27,0.0627417564535793,2.704
"741",2,"leading",28,0.0591661863183478,2.808
"742",2,"leading",29,0.0566512830253119,2.912
"743",2,"leading",30,0.0536085280601135,3.016
"744",2,"leading",31,0.0507309799806327,3.12
"745",3,"trailing",1,0.0349481155027194,0
"746",3,"trailing",2,0.0417899878547949,0.104
"747",3,"trailing",3,0.0479462277482812,0.208
"748",3,"trailing",4,0.0555657350912724,0.312
"749",3,"trailing",5,0.0634042123326427,0.416
"750",3,"trailing",6,0.0713437997103534,0.52
"751",3,"trailing",7,0.0799067636121399,0.624
"752",3,"trailing",8,0.0890715681727777,0.728
"753",3,"trailing",9,0.0981075567829819,0.832
"754",3,"trailing",10,0.104612577529424,0.936
"755",3,"trailing",11,0.10877671904564,1.04
"756",3,"trailing",12,0.110268705862461,1.144
"757",3,"trailing",13,0.110501462067139,1.248
"758",3,"trailing",14,0.107305445392663,1.352
"759",3,"trailing",15,0.104747744013989,1.456
"760",3,"trailing",16,0.10063929259031,1.56
"761",3,"trailing",17,0.0961571060917975,1.664
"762",3,"trailing",18,0.0913270500731819,1.768
"763",3,"trailing",19,0.0885380441835441,1.872
"764",3,"trailing",20,0.0840236489073112,1.976
"765",3,"trailing",21,0.0800346528448445,2.08
"766",3,"trailing",22,0.0751874433048049,2.184
"767",3,"trailing",23,0.0719582484715027,2.288
"768",3,"trailing",24,0.0678155313131935,2.392
"769",3,"trailing",25,0.0638735503720121,2.496
"770",3,"trailing",26,0.059874368965091,2.6
"771",3,"trailing",27,0.0542404137154656,2.704
"772",3,"trailing",28,0.0512755177501319,2.808
"773",3,"trailing",29,0.0484023317221054,2.912
"774",3,"trailing",30,0.0446184593395004,3.016
"775",3,"trailing",31,0.0417184156979469,3.12
"776",3,"leading",1,0.0468992438408898,0
"777",3,"leading",2,0.0612762207124326,0.104
"778",3,"leading",3,0.0743129654295608,0.208
"779",3,"leading",4,0.0837293889394044,0.312
"780",3,"leading",5,0.0918952462995818,0.416
"781",3,"leading",6,0.0963696395473452,0.52
"782",3,"leading",7,0.100157068423523,0.624
"783",3,"leading",8,0.102830278641823,0.728
"784",3,"leading",9,0.103512035104638,0.832
"785",3,"leading",10,0.103915671604971,0.936
"786",3,"leading",11,0.103727457597546,1.04
"787",3,"leading",12,0.103320781364303,1.144
"788",3,"leading",13,0.101100057233539,1.248
"789",3,"leading",14,0.0984752600785882,1.352
"790",3,"leading",15,0.0974823267770398,1.456
"791",3,"leading",16,0.0956602221015005,1.56
"792",3,"leading",17,0.0927098881964246,1.664
"793",3,"leading",18,0.0903415729847912,1.768
"794",3,"leading",19,0.0873850156242748,1.872
"795",3,"leading",20,0.0851218143587406,1.976
"796",3,"leading",21,0.0819596136582273,2.08
"797",3,"leading",22,0.0788771441460083,2.184
"798",3,"leading",23,0.0754145002676141,2.288
"799",3,"leading",24,0.0720992337303988,2.392
"800",3,"leading",25,0.0691796230324714,2.496
"801",3,"leading",26,0.0655967503883225,2.6
"802",3,"leading",27,0.0616265730749525,2.704
"803",3,"leading",28,0.0584415557534262,2.808
"804",3,"leading",29,0.0553617782131967,2.912
"805",3,"leading",30,0.0530552004717398,3.016
"806",3,"leading",31,0.0501178001167068,3.12
"807",4,"trailing",1,0.0375532226899953,0
"808",4,"trailing",2,0.0447180641377368,0.104
"809",4,"trailing",3,0.0495099088574768,0.208
"810",4,"trailing",4,0.0550033638991428,0.312
"811",4,"trailing",5,0.0622492554515932,0.416
"812",4,"trailing",6,0.0687458358362167,0.52
"813",4,"trailing",7,0.0742134292250493,0.624
"814",4,"trailing",8,0.0827115961373601,0.728
"815",4,"trailing",9,0.0893665983019341,0.832
"816",4,"trailing",10,0.0969961069789506,0.936
"817",4,"trailing",11,0.102371787821761,1.04
"818",4,"trailing",12,0.107532309664752,1.144
"819",4,"trailing",13,0.109869384317069,1.248
"820",4,"trailing",14,0.109012910390245,1.352
"821",4,"trailing",15,0.108131029442661,1.456
"822",4,"trailing",16,0.10552745891135,1.56
"823",4,"trailing",17,0.102176542493729,1.664
"824",4,"trailing",18,0.0980142722152168,1.768
"825",4,"trailing",19,0.0948130226017162,1.872
"826",4,"trailing",20,0.090971812815671,1.976
"827",4,"trailing",21,0.0865331710874603,2.08
"828",4,"trailing",22,0.0813901709317425,2.184
"829",4,"trailing",23,0.0768225043231037,2.288
"830",4,"trailing",24,0.0727143856524823,2.392
"831",4,"trailing",25,0.0685901716767728,2.496
"832",4,"trailing",26,0.0637461105268016,2.6
"833",4,"trailing",27,0.0594974597385239,2.704
"834",4,"trailing",28,0.0571147487577023,2.808
"835",4,"trailing",29,0.054294132564441,2.912
"836",4,"trailing",30,0.0506916794183067,3.016
"837",4,"trailing",31,0.0473282604264962,3.12
"838",4,"leading",1,0.0527555842719279,0
"839",4,"leading",2,0.0724009895143514,0.104
"840",4,"leading",3,0.0892339631728793,0.208
"841",4,"leading",4,0.100274183185703,0.312
"842",4,"leading",5,0.106675857346923,0.416
"843",4,"leading",6,0.110172704007461,0.52
"844",4,"leading",7,0.111896249645049,0.624
"845",4,"leading",8,0.111851267525993,0.728
"846",4,"leading",9,0.110938697004616,0.832
"847",4,"leading",10,0.110142064823237,0.936
"848",4,"leading",11,0.108252532517264,1.04
"849",4,"leading",12,0.106712704961385,1.144
"850",4,"leading",13,0.104642318742785,1.248
"851",4,"leading",14,0.102612827175672,1.352
"852",4,"leading",15,0.100591233245162,1.456
"853",4,"leading",16,0.0976859759695659,1.56
"854",4,"leading",17,0.0951852816232035,1.664
"855",4,"leading",18,0.0929940338352288,1.768
"856",4,"leading",19,0.0891871318621496,1.872
"857",4,"leading",20,0.0857263340715967,1.976
"858",4,"leading",21,0.0825517686390348,2.08
"859",4,"leading",22,0.078482028938174,2.184
"860",4,"leading",23,0.0754348221071358,2.288
"861",4,"leading",24,0.0719270243387699,2.392
"862",4,"leading",25,0.0679320563421267,2.496
"863",4,"leading",26,0.0641908960583456,2.6
"864",4,"leading",27,0.0614002753523372,2.704
"865",4,"leading",28,0.0591542452161602,2.808
"866",4,"leading",29,0.0567795836024831,2.912
"867",4,"leading",30,0.0533794225778647,3.016
"868",4,"leading",31,0.0515829567978308,3.12
"869",5,"trailing",1,0.0357770535648386,0
"870",5,"trailing",2,0.0407001960857536,0.104
"871",5,"trailing",3,0.0459995548416802,0.208
"872",5,"trailing",4,0.051838569388062,0.312
"873",5,"trailing",5,0.0586375932198693,0.416
"874",5,"trailing",6,0.0653117340031851,0.52
"875",5,"trailing",7,0.0708992120698111,0.624
"876",5,"trailing",8,0.0773208802113353,0.728
"877",5,"trailing",9,0.0839676826540489,0.832
"878",5,"trailing",10,0.0885553010471419,0.936
"879",5,"trailing",11,0.0930080203203474,1.04
"880",5,"trailing",12,0.0978312901105874,1.144
"881",5,"trailing",13,0.101753301538429,1.248
"882",5,"trailing",14,0.103523083110741,1.352
"883",5,"trailing",15,0.104061498383392,1.456
"884",5,"trailing",16,0.103466874888344,1.56
"885",5,"trailing",17,0.101185432391502,1.664
"886",5,"trailing",18,0.0985166092786646,1.768
"887",5,"trailing",19,0.0940156793879751,1.872
"888",5,"trailing",20,0.0901163794926914,1.976
"889",5,"trailing",21,0.0859576749468761,2.08
"890",5,"trailing",22,0.0829510848556369,2.184
"891",5,"trailing",23,0.0789025488439044,2.288
"892",5,"trailing",24,0.0751302353493875,2.392
"893",5,"trailing",25,0.0712317610741927,2.496
"894",5,"trailing",26,0.0666473913551973,2.6
"895",5,"trailing",27,0.0632337061332169,2.704
"896",5,"trailing",28,0.0602384122567176,2.808
"897",5,"trailing",29,0.0568216434439953,2.912
"898",5,"trailing",30,0.0537069518024773,3.016
"899",5,"trailing",31,0.0495822743411511,3.12
"900",5,"leading",1,0.0579753334418244,0
"901",5,"leading",2,0.0784090266020528,0.104
"902",5,"leading",3,0.0969842504132433,0.208
"903",5,"leading",4,0.10847938781273,0.312
"904",5,"leading",5,0.114313609898812,0.416
"905",5,"leading",6,0.11660073696826,0.52
"906",5,"leading",7,0.11696529449739,0.624
"907",5,"leading",8,0.11571861027885,0.728
"908",5,"leading",9,0.113869936961753,0.832
"909",5,"leading",10,0.112761188137571,0.936
"910",5,"leading",11,0.110935955123476,1.04
"911",5,"leading",12,0.108909739571255,1.144
"912",5,"leading",13,0.104385895704958,1.248
"913",5,"leading",14,0.102440812127089,1.352
"914",5,"leading",15,0.100468018135995,1.456
"915",5,"leading",16,0.0973557762023928,1.56
"916",5,"leading",17,0.094206538560382,1.664
"917",5,"leading",18,0.0925832240440169,1.768
"918",5,"leading",19,0.0898787545613398,1.872
"919",5,"leading",20,0.0858457505280151,1.976
"920",5,"leading",21,0.0814956737234946,2.08
"921",5,"leading",22,0.07679447532243,2.184
"922",5,"leading",23,0.0738550147138852,2.288
"923",5,"leading",24,0.0703131761520145,2.392
"924",5,"leading",25,0.0655221538258719,2.496
"925",5,"leading",26,0.0625991709586058,2.6
"926",5,"leading",27,0.0603852137053057,2.704
"927",5,"leading",28,0.056625934688885,2.808
"928",5,"leading",29,0.0529174301933577,2.912
"929",5,"leading",30,0.0498034283486858,3.016
"930",5,"leading",31,0.04804076655989,3.12
"931",6,"trailing",1,0.0375172512307852,0
"932",6,"trailing",2,0.0430529029369436,0.104
"933",6,"trailing",3,0.0484190556064873,0.208
"934",6,"trailing",4,0.0547726114404058,0.312
"935",6,"trailing",5,0.0608543660855904,0.416
"936",6,"trailing",6,0.0671769724684605,0.52
"937",6,"trailing",7,0.072824309004978,0.624
"938",6,"trailing",8,0.0800022686020405,0.728
"939",6,"trailing",9,0.0850603898913139,0.832
"940",6,"trailing",10,0.0878475030940141,0.936
"941",6,"trailing",11,0.0911767423000041,1.04
"942",6,"trailing",12,0.0943746800990864,1.144
"943",6,"trailing",13,0.0983595178854271,1.248
"944",6,"trailing",14,0.0998243519513331,1.352
"945",6,"trailing",15,0.10137947043836,1.456
"946",6,"trailing",16,0.101821106421372,1.56
"947",6,"trailing",17,0.100791267278029,1.664
"948",6,"trailing",18,0.100020621033863,1.768
"949",6,"trailing",19,0.0965120811678634,1.872
"950",6,"trailing",20,0.0943797049033666,1.976
"951",6,"trailing",21,0.090629845239983,2.08
"952",6,"trailing",22,0.0861493317105528,2.184
"953",6,"trailing",23,0.0824521651030847,2.288
"954",6,"trailing",24,0.0791583666485568,2.392
"955",6,"trailing",25,0.0753010503026272,2.496
"956",6,"trailing",26,0.0712574091498617,2.6
"957",6,"trailing",27,0.0673928128853288,2.704
"958",6,"trailing",28,0.0635242587298198,2.808
"959",6,"trailing",29,0.0589018134781492,2.912
"960",6,"trailing",30,0.0567505738259241,3.016
"961",6,"trailing",31,0.0536616900274317,3.12
"962",6,"leading",1,0.0628911849360727,0
"963",6,"leading",2,0.0841345574967751,0.104
"964",6,"leading",3,0.10339126760114,0.208
"965",6,"leading",4,0.115633460815007,0.312
"966",6,"leading",5,0.122010904373533,0.416
"967",6,"leading",6,0.121891501797871,0.52
"968",6,"leading",7,0.121221605361653,0.624
"969",6,"leading",8,0.121030847922391,0.728
"970",6,"leading",9,0.118187366944209,0.832
"971",6,"leading",10,0.115554621021258,0.936
"972",6,"leading",11,0.113037705242661,1.04
"973",6,"leading",12,0.110240483496647,1.144
"974",6,"leading",13,0.106501181949948,1.248
"975",6,"leading",14,0.10432778768209,1.352
"976",6,"leading",15,0.100413748614375,1.456
"977",6,"leading",16,0.0983386203649414,1.56
"978",6,"leading",17,0.0954686510197985,1.664
"979",6,"leading",18,0.09259218608195,1.768
"980",6,"leading",19,0.0894344331107571,1.872
"981",6,"leading",20,0.0858736973884171,1.976
"982",6,"leading",21,0.0817296380498208,2.08
"983",6,"leading",22,0.0773130554198599,2.184
"984",6,"leading",23,0.0733068476654238,2.288
"985",6,"leading",24,0.0688932350438723,2.392
"986",6,"leading",25,0.0666784174086304,2.496
"987",6,"leading",26,0.0640851337028542,2.6
"988",6,"leading",27,0.0601127370688416,2.704
"989",6,"leading",28,0.0567690970644916,2.808
"990",6,"leading",29,0.054016757560986,2.912
"991",6,"leading",30,0.0512833198872556,3.016
"992",6,"leading",31,0.0484651018334776,3.12
"993",7,"trailing",1,0.0376660141347757,0
"994",7,"trailing",2,0.0449379590072863,0.104
"995",7,"trailing",3,0.051077943599731,0.208
"996",7,"trailing",4,0.0572818183998473,0.312
"997",7,"trailing",5,0.0642232782635361,0.416
"998",7,"trailing",6,0.0700044920688196,0.52
"999",7,"trailing",7,0.0757854966203034,0.624
"1000",7,"trailing",8,0.0818562457245154,0.728
"1001",7,"trailing",9,0.0856080614329607,0.832
"1002",7,"trailing",10,0.0885355404843806,0.936
"1003",7,"trailing",11,0.090749201821244,1.04
"1004",7,"trailing",12,0.093790195454721,1.144
"1005",7,"trailing",13,0.0952134123802611,1.248
"1006",7,"trailing",14,0.096906940774396,1.352
"1007",7,"trailing",15,0.0981732738783173,1.456
"1008",7,"trailing",16,0.0979429228021432,1.56
"1009",7,"trailing",17,0.0974399651192365,1.664
"1010",7,"trailing",18,0.0966425254823473,1.768
"1011",7,"trailing",19,0.0949907168497316,1.872
"1012",7,"trailing",20,0.0923824747633326,1.976
"1013",7,"trailing",21,0.0891765933581297,2.08
"1014",7,"trailing",22,0.0855952505061072,2.184
"1015",7,"trailing",23,0.0830934329910111,2.288
"1016",7,"trailing",24,0.0810981766004207,2.392
"1017",7,"trailing",25,0.0772195381271827,2.496
"1018",7,"trailing",26,0.0732205792295011,2.6
"1019",7,"trailing",27,0.069399087129041,2.704
"1020",7,"trailing",28,0.0663313039030042,2.808
"1021",7,"trailing",29,0.0624887565479408,2.912
"1022",7,"trailing",30,0.0595805643030074,3.016
"1023",7,"trailing",31,0.0567966513835773,3.12
"1024",7,"leading",1,0.0629388554595366,0
"1025",7,"leading",2,0.085428293044524,0.104
"1026",7,"leading",3,0.104721856864066,0.208
"1027",7,"leading",4,0.117619668407276,0.312
"1028",7,"leading",5,0.121796893107568,0.416
"1029",7,"leading",6,0.122824462204373,0.52
"1030",7,"leading",7,0.122464866829923,0.624
"1031",7,"leading",8,0.122139832317041,0.728
"1032",7,"leading",9,0.119679181925041,0.832
"1033",7,"leading",10,0.117738104758013,0.936
"1034",7,"leading",11,0.115174352552307,1.04
"1035",7,"leading",12,0.111845727836057,1.144
"1036",7,"leading",13,0.108095316727397,1.248
"1037",7,"leading",14,0.105149233599509,1.352
"1038",7,"leading",15,0.101800941053729,1.456
"1039",7,"leading",16,0.0986237189590019,1.56
"1040",7,"leading",17,0.0957034117729029,1.664
"1041",7,"leading",18,0.0933851267993175,1.768
"1042",7,"leading",19,0.0884732632802603,1.872
"1043",7,"leading",20,0.0849109004404917,1.976
"1044",7,"leading",21,0.0811550883081153,2.08
"1045",7,"leading",22,0.0768645314878338,2.184
"1046",7,"leading",23,0.0725614663734924,2.288
"1047",7,"leading",24,0.0684828113953321,2.392
"1048",7,"leading",25,0.0663337707052721,2.496
"1049",7,"leading",26,0.0646899467817953,2.6
"1050",7,"leading",27,0.0600791333888232,2.704
"1051",7,"leading",28,0.0567797880105011,2.808
"1052",7,"leading",29,0.0542186294393064,2.912
"1053",7,"leading",30,0.0513722080209634,3.016
"1054",7,"leading",31,0.0481461545689379,3.12
"1055",8,"trailing",1,0.0430239619068489,0
"1056",8,"trailing",2,0.049797433778105,0.104
"1057",8,"trailing",3,0.0562949798778019,0.208
"1058",8,"trailing",4,0.0637044905392999,0.312
"1059",8,"trailing",5,0.0710980295008351,0.416
"1060",8,"trailing",6,0.0765981070401857,0.52
"1061",8,"trailing",7,0.0818315735260136,0.624
"1062",8,"trailing",8,0.0873235294129361,0.728
"1063",8,"trailing",9,0.0903026933086161,0.832
"1064",8,"trailing",10,0.094230235756929,0.936
"1065",8,"trailing",11,0.0961018900066308,1.04
"1066",8,"trailing",12,0.0977602695670929,1.144
"1067",8,"trailing",13,0.0984926001439896,1.248
"1068",8,"trailing",14,0.0990943171597324,1.352
"1069",8,"trailing",15,0.0991550160482925,1.456
"1070",8,"trailing",16,0.0997531693437566,1.56
"1071",8,"trailing",17,0.0993013078052088,1.664
"1072",8,"trailing",18,0.0985580297155123,1.768
"1073",8,"trailing",19,0.0972670847242266,1.872
"1074",8,"trailing",20,0.0946222199320696,1.976
"1075",8,"trailing",21,0.0920602953438515,2.08
"1076",8,"trailing",22,0.0896570723946062,2.184
"1077",8,"trailing",23,0.0875126237227915,2.288
"1078",8,"trailing",24,0.0844059769468567,2.392
"1079",8,"trailing",25,0.0816862212698193,2.496
"1080",8,"trailing",26,0.0779201596099705,2.6
"1081",8,"trailing",27,0.0748131020712305,2.704
"1082",8,"trailing",28,0.0717766051717608,2.808
"1083",8,"trailing",29,0.0698151466931963,2.912
"1084",8,"trailing",30,0.0672223359091471,3.016
"1085",8,"trailing",31,0.0635885460374288,3.12
"1086",8,"leading",1,0.0648366974481514,0
"1087",8,"leading",2,0.0877831803648183,0.104
"1088",8,"leading",3,0.106711465219751,0.208
"1089",8,"leading",4,0.119378248767621,0.312
"1090",8,"leading",5,0.126707336360328,0.416
"1091",8,"leading",6,0.128040764678705,0.52
"1092",8,"leading",7,0.127722418427512,0.624
"1093",8,"leading",8,0.125973999865365,0.728
"1094",8,"leading",9,0.122655644358417,0.832
"1095",8,"leading",10,0.120513310957228,0.936
"1096",8,"leading",11,0.117433512868605,1.04
"1097",8,"leading",12,0.114477137295714,1.144
"1098",8,"leading",13,0.111683244476733,1.248
"1099",8,"leading",14,0.107713313974963,1.352
"1100",8,"leading",15,0.104855818176491,1.456
"1101",8,"leading",16,0.101813665176873,1.56
"1102",8,"leading",17,0.0972415781119225,1.664
"1103",8,"leading",18,0.0947372768384152,1.768
"1104",8,"leading",19,0.0909180135079286,1.872
"1105",8,"leading",20,0.0880529460001,1.976
"1106",8,"leading",21,0.0845989725330101,2.08
"1107",8,"leading",22,0.0799435272748582,2.184
"1108",8,"leading",23,0.0763888447051683,2.288
"1109",8,"leading",24,0.0716383200918634,2.392
"1110",8,"leading",25,0.0698434560187683,2.496
"1111",8,"leading",26,0.0674772549098826,2.6
"1112",8,"leading",27,0.063661057222462,2.704
"1113",8,"leading",28,0.0607627976517722,2.808
"1114",8,"leading",29,0.0575374475525536,2.912
"1115",8,"leading",30,0.0533008610338923,3.016
"1116",8,"leading",31,0.0513253480428742,3.12
"1117",9,"trailing",1,0.0442010699938113,0
"1118",9,"trailing",2,0.0509608558446961,0.104
"1119",9,"trailing",3,0.0578246570302458,0.208
"1120",9,"trailing",4,0.0655456548448949,0.312
"1121",9,"trailing",5,0.0722986783430342,0.416
"1122",9,"trailing",6,0.0791737316038954,0.52
"1123",9,"trailing",7,0.0848179942337168,0.624
"1124",9,"trailing",8,0.0897601034632269,0.728
"1125",9,"trailing",9,0.0940847388369001,0.832
"1126",9,"trailing",10,0.0968815721117327,0.936
"1127",9,"trailing",11,0.099193640003967,1.04
"1128",9,"trailing",12,0.100943063445732,1.144
"1129",9,"trailing",13,0.101788345152819,1.248
"1130",9,"trailing",14,0.100964093859592,1.352
"1131",9,"trailing",15,0.101165945448952,1.456
"1132",9,"trailing",16,0.101213984712302,1.56
"1133",9,"trailing",17,0.101101575056625,1.664
"1134",9,"trailing",18,0.100015701777474,1.768
"1135",9,"trailing",19,0.0986514491959621,1.872
"1136",9,"trailing",20,0.0956783397167106,1.976
"1137",9,"trailing",21,0.0937249029847243,2.08
"1138",9,"trailing",22,0.0912932682420887,2.184
"1139",9,"trailing",23,0.0883855851047674,2.288
"1140",9,"trailing",24,0.0861493228117832,2.392
"1141",9,"trailing",25,0.0832784072544299,2.496
"1142",9,"trailing",26,0.0810414666735974,2.6
"1143",9,"trailing",27,0.078180814197006,2.704
"1144",9,"trailing",28,0.0748965254619797,2.808
"1145",9,"trailing",29,0.0735238323095356,2.912
"1146",9,"trailing",30,0.0710281434070015,3.016
"1147",9,"trailing",31,0.068188599018378,3.12
"1148",9,"leading",1,0.0651977920260559,0
"1149",9,"leading",2,0.0862644805113536,0.104
"1150",9,"leading",3,0.1045230105121,0.208
"1151",9,"leading",4,0.11765455864806,0.312
"1152",9,"leading",5,0.124459991795966,0.416
"1153",9,"leading",6,0.127313566506491,0.52
"1154",9,"leading",7,0.129249953482128,0.624
"1155",9,"leading",8,0.127859214726577,0.728
"1156",9,"leading",9,0.124481373226547,0.832
"1157",9,"leading",10,0.122173037529494,0.936
"1158",9,"leading",11,0.117328776594834,1.04
"1159",9,"leading",12,0.115474394216225,1.144
"1160",9,"leading",13,0.112036386157331,1.248
"1161",9,"leading",14,0.107461439561865,1.352
"1162",9,"leading",15,0.105365738826952,1.456
"1163",9,"leading",16,0.100870657286408,1.56
"1164",9,"leading",17,0.0963350083296979,1.664
"1165",9,"leading",18,0.0934485701230363,1.768
"1166",9,"leading",19,0.0893450863269424,1.872
"1167",9,"leading",20,0.0855366384359104,1.976
"1168",9,"leading",21,0.0815157787600125,2.08
"1169",9,"leading",22,0.0790366422234525,2.184
"1170",9,"leading",23,0.0749982527296293,2.288
"1171",9,"leading",24,0.0711332360382092,2.392
"1172",9,"leading",25,0.0682256829471176,2.496
"1173",9,"leading",26,0.0653907836212166,2.6
"1174",9,"leading",27,0.0619752182656917,2.704
"1175",9,"leading",28,0.0589705045419989,2.808
"1176",9,"leading",29,0.0562254412606153,2.912
"1177",9,"leading",30,0.0527507201732853,3.016
"1178",9,"leading",31,0.0506938491689798,3.12
